{
  "messages": [
    {
      "role": "user",
      "content": "```python\nimport matplotlib.pyplot as plt\nimport matplotlib as mpl\nimport matplotlib.ticker as ticker\nimport numpy as np\n\n# --- 1. 样式设置：尽量复用 tokenwise_curve.py 的风格 ---\nmpl.rcParams.update({\n    \"font.family\": \"serif\",\n    \"font.serif\": [\"Times New Roman\", \"Times\", \"TeX Gyre Termes\", \"Nimbus Roman\", \"DejaVu Serif\"],\n    \"mathtext.fontset\": \"stix\",\n    \"font.size\": 16,\n    \"axes.labelsize\": 16,\n    \"axes.titlesize\": 18,\n    \"xtick.labelsize\": 14,\n    \"ytick.labelsize\": 14,\n    \"legend.fontsize\": 16,\n    \"pdf.fonttype\": 42,\n    \"ps.fonttype\": 42,\n    \"axes.spines.top\": False,\n    \"axes.spines.right\": False,\n    \"axes.linewidth\": 1.0,\n    \"xtick.major.width\": 1.0,\n    \"ytick.major.width\": 1.0,\n    \"xtick.minor.width\": 0.8,\n    \"ytick.minor.width\": 0.8,\n    \"xtick.major.size\": 4.5,\n    \"ytick.major.size\": 4.5,\n    \"xtick.minor.size\": 2.5,\n    \"ytick.minor.size\": 2.5,\n})\n\n\n# --- 2. 数据整理 ---\n# 说明：\n# - budget 统一为 [1.0, 2.0, 3.0, 4.0, 5.0]\n# - 若某个模型在某个任务上数据少于 5 个点，则只画前 len(scores) 个 budget\n# - 原表格里 1229_ORIG_RL_100 行没有提供数值，这里暂时不画（可在后续补齐）\n\nbudgets = [1.0, 2.0, 3.0, 4.0, 5.0]\n\nscore_data = {\n    \"Leaf Classification\": {\n        # \"Timer-LM-V1(1205)\": [82.2, 82.4, 82.2, 82.2, 93.9],\n        \"DeepSeek-V3.2-Chat\": [\n            0.34595959595959597,\n            0.7070707070707071,\n            0.8762626262626263,\n            0.8106060606060606,\n            0.8585858585858586,\n        ],\n        \"GPT-5.1(medium)\": [\n            0.22727272727272727,\n            0.6616161616161615,\n            0.8964646464646464,\n            0.9166666666666666,\n            0.6742424242424243,\n        ],\n        \"Gemini 2.5 pro\": [\n            0.5984848484848485,\n            0.5618686868686869,\n            0.8396464646464646,\n            0.8358585858585859,\n            0.7361111111111112,\n        ],\n        \"Qwen3-8B\": [\n            0.3207070707070707,\n            0.26262626262626265,\n            0.5593434343434344,\n            0.22777777777777776,\n            0.22777777777777776,\n        ],\n        \"Qwen3-14B\": [\n            0.3724747474747475,\n            0.3345959595959596,\n            0.5353535353535354,\n            0.41287878787878785,\n            0.662878787878788,\n        ],\n        \"Qwen3-32B\": [\n            0.3952020202020202,\n            0.4343434343434344,\n            0.7159090909090909,\n            0.5946969696969697,\n            0.44823232323232326,\n        ],\n        \"Timer-LM\": [\n            0.9393939393939394,\n            0.9393939393939394,\n            0.9393939393939394,\n            0.9393939393939394,\n            0.9393939393939394,\n        ],\n        # \"1229_ORIG_RL_100\": [...],  # TODO: 若有数据可在此补充\n    },\n    \"Spaceship Titanic\": {\n        # \"Timer-LM-V1(1205)\": [0.1, 79.8, 79.7, 79.7, 79.7],\n        \"DeepSeek-V3.2-Chat\": [\n            0.3799483648881239,\n            0.7532271944922547,\n            0.757960413080895,\n            0.7586058519793459,\n            0.7568846815834768,\n        ],\n        \"GPT-5.1(medium)\": [\n            0.20589080459770115,\n            0.5120689655172415,\n            0.8189655172413792,\n            0.8183908045977012,\n            0.8192528735632184,\n        ],\n        \"Gemini 2.5 pro\": [\n            0.10129310344827586,\n            0.7145114942528736,\n            0.8188218390804598,\n            0.8188218390804598,\n            0.8179597701149426,\n        ],\n        \"Qwen3-8B\": [\n            0.0,\n            0.20014367816091955,\n            0.2926724137931035,\n            0.296551724137931,\n            0.10114942528735632,\n        ],\n        \"Qwen3-14B\": [\n            0.4852011494252874,\n            0.5989942528735632,\n            0.5024425287356322,\n            0.501580459770115,\n            0.7058908045977011,\n        ],\n        \"14B-V2\": [\n            0.29540229885057473,\n            0.5862068965517242,\n            0.49813218390804603,\n            0.49985632183908046,\n            0.5948275862068966,\n        ],\n        \"Qwen3-32B\": [\n            0.10014367816091954,\n            0.6053160919540229,\n            0.5964080459770116,\n            0.40761494252873565,\n            0.7977011494252874,\n        ],\n        \"Timer-LM\": [\n            0.6043103448275863,\n            0.8081896551724138,\n            0.805890804597701,\n            0.8053160919540229,\n            0.7001436781609195,\n        ],\n    },\n    \"Random Acts of Pizza\": {\n        \"DeepSeek-V3.2-Chat\": [\n            0.6129310344827585,\n            0.40804597701149425,\n            0.8137931034482759,\n            0.7948275862068965,\n            0.8011494252873562,\n        ],\n        \"GPT-5.1(medium)\": [\n            0.0,\n            0.714500860585198,\n            0.7248278829604131,\n            0.692340791738382,\n            0.769104991394148,\n        ],\n        \"Gemini 2.5 pro\": [\n            0.7346170395869192,\n            0.7427925989672977,\n            0.7557013769363167,\n            0.7359079173838209,\n            0.7596815834767643,\n        ],\n        \"Qwen3-8B\": [\n            0.47332185886402756,\n            0.19944061962134252,\n            0.19061962134251292,\n            0.3783347676419966,\n            0.18943631669535285,\n        ],\n        \"Qwen3-14B\": [\n            0.47590361445783136,\n            0.6668459552495697,\n            0.6480206540447505,\n            0.5783132530120483,\n            0.6643717728055077,\n        ],\n        \"Qwen3-32B\": [\n            0.554539586919105,\n            0.5694922547332186,\n            0.47106282271944916,\n            0.6828743545611016,\n            0.6723321858864028,\n        ],\n        \"Timer-LM\": [\n            0.7600043029259897,\n            0.7615103270223752,\n            0.7620481927710843,\n            0.7625860585197934,\n            0.7603270223752152,\n        ],\n    },\n    \"Detecting Insults\": {\n        \"DeepSeek-V3.2-Chat\": [\n            0.8301851152247828,\n            0.8187570834907443,\n            0.8029845107669059,\n            0.8318851530034,\n            0.6140914242538723,\n        ],\n        \"GPT-5.1(medium)\": [\n            0.6224027200604458,\n            0.8273517189270873,\n            0.8245183226293917,\n            0.8372686059690215,\n            0.8402908953532301,\n        ],\n        \"Gemini 2.5 pro\": [\n            0.41589535323007176,\n            0.824943332074046,\n            0.8448243294295429,\n            0.8337268605969022,\n            0.8380241783150736,\n        ],\n        \"Qwen3-8B\": [\n            0.6228749527767283,\n            0.5212976955043445,\n            0.4169342652058935,\n            0.5174253872308273,\n            0.5148753305629014,\n        ],\n        \"Qwen3-14B\": [\n            0.6238194182092937,\n            0.7272383830751794,\n            0.7214299206649036,\n            0.7271911598035511,\n            0.728088401964488,\n        ],\n        \"Qwen3-32B\": [\n            0.5113808084624103,\n            0.5042500944465433,\n            0.5116641480921799,\n            0.6145636569701549,\n            0.7171798262183604,\n        ],\n        \"Timer-LM\": [\n            0.8379769550434456,\n            0.838968643747639,\n            0.8409520211560259,\n            0.8409520211560259,\n            0.8409520211560259,\n        ],\n    },\n}\n\ntasks = [\"Leaf Classification\", \"Spaceship Titanic\", \"Random Acts of Pizza\", \"Detecting Insults\"]\n\n# --- 2.1 将 0~1 之间的小数统一转换为百分制 ---\n# 说明：原始表里有两种尺度：部分是 0.x（比例），部分已经是 80+ 的百分数。\n# 这里将所有 0 <= score <= 1 的数值乘以 100，统一成 [0, 100] 的分数。\nfor task, models in score_data.items():\n    for model_name, scores in models.items():\n        score_data[task][model_name] = [\n            (s * 100.0) if (0.0 <= s <= 1.0) else s\n            for s in 